-- Вставка данных в таблицу customer
INSERT INTO customer (first_name, second_name, email, phone_number, password) VALUES
('Иван', 'Иванов', 'ivanov1@example.com', '+79991112233', 'password123'),
('Петр', 'Петров', 'petrov2@example.com', '+79991112234', 'password123'),
('Сергей', 'Сергеев', 'sergeev3@example.com', '+79991112235', 'password123'),
('Алексей', 'Алексеев', 'alexeev4@example.com', '+79991112236', 'password123'),
('Дмитрий', 'Дмитриев', 'dmitriev5@example.com', '+79991112237', 'password123'),
('Анна', 'Антонова', 'antonova6@example.com', '+79991112238', 'password123'),
('Мария', 'Маркова', 'markova7@example.com', '+79991112239', 'password123'),
('Елена', 'Еленова', 'elenova8@example.com', '+79991112240', 'password123'),
('Ольга', 'Ольгова', 'olgova9@example.com', '+79991112241', 'password123'),
('Наталья', 'Натальева', 'natalieva10@example.com', '+79991112242', 'password123');

-- Вставка данных в таблицу customer_cards
INSERT INTO customer_cards (card_number, cardholder_name, expiration_date, cvv, card_type, is_active) VALUES
('1234567812345678', 'Иван Иванов', '2025-12-31', '123', 'Visa', true),
('2345678923456789', 'Петр Петров', '2024-11-30', '234', 'MasterCard', true),
('3456789034567890', 'Сергей Сергеев', '2023-10-31', '345', 'Visa', true),
('4567890145678901', 'Алексей Алексеев', '2025-09-30', '456', 'Visa', true),
('5678901256789012', 'Дмитрий Дмитриев', '2026-08-31', '567', 'MasterCard', true),
('6789012367890123', 'Анна Антонова', '2023-07-31', '678', 'Visa', true),
('7890123478901234', 'Мария Маркова', '2025-06-30', '789', 'Visa', true),
('8901234589012345', 'Елена Еленова', '2024-05-31', '890', 'MasterCard', true),
('9012345690123456', 'Ольга Ольгова', '2023-04-30', '901', 'Visa', true),
('0123456701234567', 'Наталья Натальева', '2025-03-31', '012', 'Visa', true);

-- Вставка данных в таблицу customer_card_relationship
INSERT INTO customer_card_relationship (customer_id, card_id) VALUES
(1, 1),
(2, 2),
(3, 3),
(4, 4),
(5, 5),
(6, 6),
(7, 7),
(8, 8),
(9, 9),
(10, 10);

-- Вставка данных в таблицу categories
INSERT INTO categories (name, parent_category_id) VALUES
('Электроника', NULL),
('Смартфоны', 1),
('Ноутбуки', 1),
('Планшеты', 1),
('Аксессуары', 1),
('Телевизоры', 1),
('Наушники', 5),
('Чехлы', 5),
('Кабели', 5),
('Зарядные устройства', 5);

-- Вставка данных в таблицу product_attributes
INSERT INTO product_attributes (attribute_name, attribute_value) VALUES
('Цвет', 'Черный'),
('Цвет', 'Белый'),
('Память', '64GB'),
('Память', '128GB'),
('Экран', '6.1 дюйм'),
('Экран', '13 дюймов'),
('Аккумулятор', '3000 mAh'),
('Аккумулятор', '5000 mAh'),
('Процессор', 'Intel i5'),
('Процессор', 'Intel i7');

-- Вставка данных в таблицу products
INSERT INTO products (name, description, price, manufacturer, country_of_origin, category_id) VALUES
('iPhone 12', 'Смартфон Apple iPhone 12', 69999, 'Apple', 'Китай', 2),
('Samsung Galaxy S21', 'Смартфон Samsung Galaxy S21', 79999, 'Samsung', 'Южная Корея', 2),
('MacBook Pro', 'Ноутбук Apple MacBook Pro', 129999, 'Apple', 'Китай', 3),
('Dell XPS 13', 'Ноутбук Dell XPS 13', 119999, 'Dell', 'США', 3),
('iPad Pro', 'Планшет Apple iPad Pro', 89999, 'Apple', 'Китай', 4),
('Samsung Galaxy Tab', 'Планшет Samsung Galaxy Tab', 69999, 'Samsung', 'Южная Корея', 4),
('Sony WH-1000XM4', 'Беспроводные наушники Sony WH-1000XM4', 29999, 'Sony', 'Япония', 7),
('AirPods Pro', 'Беспроводные наушники Apple AirPods Pro', 19999, 'Apple', 'Китай', 7),
('Apple Watch Series 6', 'Смарт-часы Apple Watch Series 6', 39999, 'Apple', 'Китай', 5),
('Samsung QLED TV', 'Телевизор Samsung QLED TV', 149999, 'Samsung', 'Южная Корея', 6);

-- Вставка данных в таблицу product_attribute_relationship
INSERT INTO product_attribute_relationship (product_id, attribute_id) VALUES
(1, 1),
(1, 3),
(2, 1),
(2, 3),
(3, 2),
(3, 6),
(4, 1),
(4, 6),
(5, 2),
(5, 5),
(6, 1),
(6, 5),
(7, 1),
(7, 7),
(8, 2),
(8, 7),
(9, 1),
(9, 9),
(10, 1),
(10, 8);

-- Вставка данных в таблицу reviews
INSERT INTO reviews (product_id, customer_id, rating, comment) VALUES
(1, 1, 5, 'Отличный телефон, очень доволен!'),
(2, 2, 4, 'Хороший телефон, но дорогой.'),
(3, 3, 5, 'Лучший ноутбук для работы.'),
(4, 4, 4, 'Отличный ноутбук, но дорогой.'),
(5, 5, 5, 'Идеальный планшет для творчества.'),
(6, 6, 4, 'Хороший планшет, но дорогой.'),
(7, 7, 5, 'Отличные наушники, лучший звук.'),
(8, 8, 4, 'Хорошие наушники, но дорогие.'),
(9, 9, 5, 'Лучшие смарт-часы на рынке.'),
(10, 10, 5, 'Лучший телевизор, который я когда-либо видел.');

-- Вставка данных в таблицу cart
INSERT INTO cart (customer_id, product_id, quantity) VALUES
(1, 1, 1),
(2, 2, 1),
(3, 3, 1),
(4, 4, 1),
(5, 5, 1),
(6, 6, 1),
(7, 7, 1),
(8, 8, 1),
(9, 9, 1),
(10, 10, 1);

-- Вставка данных в таблицу wishlist
INSERT INTO wishlist (customer_id, product_id) VALUES
(1, 2),
(2, 3),
(3, 4),
(4, 5),
(5, 6),
(6, 7),
(7, 8),
(8, 9),
(9, 10),
(10, 1);

-- Вставка данных в таблицу orders
INSERT INTO orders (customer_id, order_date) VALUES
(1, '2023-11-20 10:00:00'),
(2, '2023-11-21 11:00:00'),
(3, '2023-11-22 12:00:00'),
(4, '2023-11-23 13:00:00'),
(5, '2023-11-24 14:00:00'),
(6, '2023-11-25 15:00:00'),
(7, '2023-11-26 16:00:00'),
(8, '2023-11-27 17:00:00'),
(9, '2023-11-28 18:00:00'),
(10, '2023-11-29 19:00:00');

-- Вставка данных в таблицу order_items
INSERT INTO order_items (order_id, product_id, quantity, total_amount) VALUES
(1, 1, 1, 69999),
(2, 2, 1, 79999),
(3, 3, 1, 129999),
(4, 4, 1, 119999),
(5, 5, 1, 89999),
(6, 6, 1, 69999),
(7, 7, 1, 29999),
(8, 8, 1, 19999),
(9, 9, 1, 39999),
(10, 10, 1, 149999);

-- Вставка данных в таблицу delivery
INSERT INTO delivery (order_id, country, city, postal_code, street_name, building_number, apartment_number, expected_delivery_date, actual_delivery_date, is_delivered) VALUES
(1, 'Россия', 'Москва', '101000', 'Тверская', '10', '1', '2023-12-01 10:00:00', NULL, false),
(2, 'Россия', 'Санкт-Петербург', '190000', 'Невский проспект', '20', '2', '2023-12-02 11:00:00', NULL, false),
(3, 'Россия', 'Новосибирск', '630000', 'Красный проспект', '30', '3', '2023-12-03 12:00:00', NULL, false),
(4, 'Россия', 'Екатеринбург', '620000', 'Ленина проспект', '40', '4', '2023-12-04 13:00:00', NULL, false),
(5, 'Россия', 'Казань', '420000', 'Улица Баумана', '50', '5', '2023-12-05 14:00:00', NULL, false),
(6, 'Россия', 'Челябинск', '454000', 'Улица Кирова', '60', '6', '2023-12-06 15:00:00', NULL, false),
(7, 'Россия', 'Омск', '644000', 'Улица Ленина', '70', '7', '2023-12-07 16:00:00', NULL, false),
(8, 'Россия', 'Ростов-на-Дону', '344000', 'Большая Садовая', '80', '8', '2023-12-08 17:00:00', NULL, false),
(9, 'Россия', 'Уфа', '450000', 'Проспект Октября', '90', '9', '2023-12-09 18:00:00', NULL, false),
(10, 'Россия', 'Красноярск', '660000', 'Проспект Мира', '100', '10', '2023-12-10 19:00:00', NULL, false);
